[
    {
        "key": "group_1",
        "title": "Habit Fields",
        "fields": [
            {
                "key": "field_1",
                "label": "Habit Description",
                "name": "habit_description",
                "type": "textarea",
                "instructions": "Provide a brief description of the habit.",
                "required": 1
            },
            {
                "key": "field_2",
                "label": "Category",
                "name": "category",
                "type": "select",
                "instructions": "Choose a category that best fits this habit.",
                "required": 1,
                "choices": {
                    "health": "Health",
                    "productivity": "Productivity",
                    "learning": "Learning"
                }
            },
            {
                "key": "field_3",
                "label": "Frequency",
                "name": "frequency",
                "type": "radio",
                "instructions": "Select how often you plan to perform this habit.",
                "required": 1,
                "choices": {
                    "daily": "Daily",
                    "weekly": "Weekly",
                    "monthly": "Monthly"
                }
            },
            {
                "key": "field_4",
                "label": "Priority",
                "name": "priority",
                "type": "select",
                "instructions": "Set the priority level of this habit.",
                "required": 1,
                "choices": {
                    "high": "High",
                    "medium": "Medium",
                    "low": "Low"
                }
            },
            {
                "key": "field_5",
                "label": "Start Date",
                "name": "start_date",
                "type": "date_picker",
                "instructions": "Choose when you plan to start this habit. (optional)",
                "required": 0
            },
            {
                "key": "field_6",
                "label": "Goal Amount",
                "name": "goal_amount",
                "type": "number",
                "instructions": "Enter a target number for this habit (e.g., pages to read, minutes to meditate).",
                "required": 0,
                "min": "",
                "max": "",
                "step": ""
            }
        ],
        "location": [
            [
                {
                    "param": "post_type",
                    "operator": "==",
                    "value": "habit"
                }
            ]
        ],
        "menu_order": 0,
        "position": "normal",
        "style": "default",
        "label_placement": "top",
        "instruction_placement": "label",
        "hide_on_screen": "",
        "active": 1,
        "description": ""
    }
]
